{
  "accuracy": 0.6967572879135276,
  "precision": 0.16832129963898917,
  "recall": 0.4416814683244523,
  "f1": 0.24375102107498778,
  "roc_auc": 0.6198280111909953,
  "threshold": 0.55
}